input_line,query_name,query_birth,query_death,query_state,chosen_memorial_url,chosen_memorial_id,parsed_name,parsed_birth,parsed_death,parsed_place,parsed_bio_snippet,match_score
A Donald Hoover,A Donald Hoover,,,,,,A Hoover - Find a Grave Memorial,,,"Burial Ormes Cemetery Rosemount , Scioto County , Ohio , USA Add to Map Memorial ID 70590718 70590718",,0.231
Abiel Barron,Abiel Barron,,,,https://www.findagrave.com/memorial/37093245/abiel-barron,37093245,Abiel “Abe” Barron (1953-2003) - Find a Grave...,19,20,Burial Burial Details Unknown Memorial ID 37093245 37093245,,0.312
Adolfo Camarillo,Adolfo Camarillo,,,,https://www.findagrave.com/memorial/103908766/adolfo-camarillo,103908766,Adolfo Camarillo (1920-1921) - Find a Grave...,19,19,"Buried at Woodlawn Memorial Park, Compton, Los Angeles County, California, United States of America, North America Adolfo Camarillo",,0.385
Alan S Hart,Alan S Hart,,,,,,Alan Hart (1926-2022) - Find a Grave Memorial,19,20,"Buried at Kilcunda Cemetery, Kilcunda, Bass Coast Shire, Victoria, Australia, Oceania Alan Hart",,0.229
Alex Madonna,Alex Madonna,,,,https://www.findagrave.com/memorial/201165859/alexander-m-madonna,201165859,Alexander M. Madonna Sr. (1929-2017) - Find a...,19,20,"Burial Saint Teresa Cemetery and Mausoleum Summit , Union County , New Jersey , USA Add to Map Memorial ID 201165859 201165859",,0.312
Alfred R Turner,Alfred R Turner,,,,https://www.findagrave.com/memorial/218232114/alfred-turner,218232114,Alfred Turner (1860-1912) - Find a Grave Memorial,18,19,"Buried at Camberwell Old Cemetery, Camberwell, London Borough of Southwark, Greater London, England, Europe Alfred Turner",,0.286
Alice Peña Bulos,Alice Peña Bulos,,,,,,,,,,,0.000
Amber Dubois,Amber Dubois,,,,,,,,,,,0.000
Ambers O Sonny Shewmaker,Ambers O Sonny Shewmaker,,,,,,,,,,,0.000
Amelia Earhart,Amelia Earhart,,,,,,,,,,,0.000
Andre Maurice Moye,Andre Maurice Moye,,,,,,,,,,,0.000
Andrew Andy Stevens,Andrew Andy Stevens,,,,,,,,,,,0.000
Andrew Maloney,Andrew Maloney,,,,,,,,,,,0.000
Archie E Nichols,Archie E Nichols,,,,,,,,,,,0.000
Archie Moore,Archie Moore,,,,,,,,,,,0.000
Arnold C Garcia,Arnold C Garcia,,,,,,,,,,,0.000
Arthur H Breed,Arthur H Breed,,,,,,,,,,,0.000
Artie J Hubbard,Artie J Hubbard,,,,,,,,,,,0.000
Barack H Obama,Barack H Obama,,,,,,,,,,,0.000
Ben Hulse,Ben Hulse,,,,,,,,,,,0.000
Bernie Richter,Bernie Richter,,,,,,,,,,,0.000
Betty Meltzer,Betty Meltzer,,,,,,,,,,,0.000
Bill C Bean,Bill C Bean,,,,,,,,,,,0.000
Bill Freeman,Bill Freeman,,,,,,,,,,,0.000
Bill Leiphardt,Bill Leiphardt,,,,,,,,,,,0.000
Bill Whitehurst,Bill Whitehurst,,,,,,,,,,,0.000
Bob Zirbes,Bob Zirbes,,,,,,,,,,,0.000
Braden Varney,Braden Varney,,,,,,,,,,,0.000
Brian Ish Ishmael,Brian Ish Ishmael,,,,,,,,,,,0.000
Brian Law,Brian Law,,,,,,,,,,,0.000
Brian Walker,Brian Walker,,,,,,,,,,,0.000
Bruce Lee,Bruce Lee,,,,,,,,,,,0.000
Burbank Matthew Pavelka Memoria,Burbank Matthew Pavelka Memoria,,,,,,,,,,,0.000
Carleton E Forbes,Carleton E Forbes,,,,,,,,,,,0.000
Cesar Chavez,Cesar Chavez,,,,,,,,,,,0.000
Charles Brown,Charles Brown,,,,,,,,,,,0.000
Charles Chuck Sorenson,Charles Chuck Sorenson,,,,,,,,,,,0.000
Charles I Walter,Charles I Walter,,,,,,,,,,,0.000
Charles Lilly,Charles Lilly,,,,,,,,,,,0.000
Charles T Smith,Charles T Smith,,,,https://www.findagrave.com/memorial/185463634/charles-smith,185463634,Charles Smith (1900-1964) - Find a Grave Memorial,19,19,"Buried at Washington Park Cemetery, Berkeley, St",,0.286
Charles Young,Charles Young,,,,,,,,,,,0.000
Chris Kanton,Chris Kanton,,,,,,,,,,,0.000
Christopher D Leon,Christopher D Leon,,,,https://www.findagrave.com/memorial/3872967/christopher-leon,3872967,Christopher Leon (1976-1993) - Find a Grave...,19,19,"Buried at Santa Fe National Cemetery, Santa Fe, Santa Fe County, New Mexico, United States of America, North America Christopher Leon",,0.371
Christopher D Lydon,Christopher D Lydon,,,,,,,,,,,0.000
Christopher Lee Douglas,Christopher Lee Douglas,,,,,,,,,,,0.000
Christopher Meadows,Christopher Meadows,,,,https://www.findagrave.com/memorial/146712069/christopher-meadows,146712069,Christopher Meadows (unknown-1862) - Find a Grave...,18,,"Burial Red Sulphur Springs Church Cemetery Red Sulphur Springs , Monroe County , West Virginia , USA Add to Map Memorial ID 146712069 146712069",,0.392
Chuck Poochigian,Chuck Poochigian,,,,,,,,,,,0.000
Cory Iverson,Cory Iverson,,,,,,,,,,,0.000
Dale E Newby,Dale E Newby,,,,https://www.findagrave.com/memorial/109179059/dale-alvin-newby,109179059,Dale Alvin Newby (1944-2002) - Find a Grave...,19,20,"Burial West Point Cemetery West Point , Calaveras County , California , USA Add to Map Memorial ID 109179059 109179059",,0.286
Dan N Benavides,Dan N Benavides,,,,,,,,,,,0.000
Dana Cowell,Dana Cowell,,,,,,,,,,,0.000
Daniel Broeske,Daniel Broeske,,,,,,,,,,,0.000
Daniel E Boatwright,Daniel E Boatwright,,,,https://www.findagrave.com/memorial/72203346/daniel-boatwright,72203346,Daniel “Craig” Boatwright (1985-2003) - Find a...,19,20,Burial: Laurel Land Memorial Park,,0.403
Daniel J Muehlhausen,Daniel J Muehlhausen,,,,,,,,,,,0.000
Daniel Jess Lobo,Daniel Jess Lobo,,,,,,,,,,,0.000
Daniel Sakai,Daniel Sakai,,,,https://www.findagrave.com/memorial/185803126/daniel-hiromi-sakai,185803126,Daniel Hiromi “Dan” Sakai (1938-2017) - Find a...,19,20,"Burial Hawaii State Veterans Cemetery Kaneohe , Honolulu County , Hawaii , USA Show Map GPS-Latitude",,0.306
Daniel T Fraembs,Daniel T Fraembs,,,,,,,,,,,0.000
Danny P Oliver,Danny P Oliver,,,,,,,,,,,0.000
Darnell Andrew Calhoun,Darnell Andrew Calhoun,,,,https://www.findagrave.com/memorial/251328142/darnell-andrew-calhoun,251328142,Darnell Andrew Calhoun (1992-2023) - Find a Grave...,19,20,"Burial Laurel Cemetery Murrieta , Riverside County , California , USA Show Map GPS-Latitude",,0.433
Darrell Keith Lee,Darrell Keith Lee,,,,,,,,,,,0.000
Dave Chetcuti,Dave Chetcuti,,,,,,,,,,,0.000
Dave Ghilarducci,Dave Ghilarducci,,,,,,,,,,,0.000
David E Cogdill,David E Cogdill,,,,,,,,,,,0.000
David E Pierson,David E Pierson,,,,https://www.findagrave.com/memorial/154652538/david-pierson,154652538,David Pierson (1836-1921) - Find a Grave Memorial,18,19,"Burial San Gabriel Cemetery San Gabriel , Los Angeles County , California , USA Add to Map Memorial ID 154652538 154652538",,0.286
David F Mobilio,David F Mobilio,,,,,,,,,,,0.000
David G Graves,David G Graves,,,,https://www.findagrave.com/memorial/98655437/david-graves,98655437,David Graves (1813-1884) - Find a Grave Memorial,18,18,"Burial Norwich Quarter Cemetery Norwich , Chenango County , New York , USA Add to Map Memorial ID 98655437 98655437",,0.296
David G Kelley,David G Kelley,,,,,,,,,,,0.000
David Lamoree,David Lamoree,,,,https://www.findagrave.com/memorial/188008858/david-frank-lamoree,188008858,David Frank “Woody” Lamoree (1979-2005) - Find a...,19,20,"Burial Saint Mary's Catholic Cemetery and Mausoleum Sacramento , Sacramento County , California , USA Add to Map Memorial ID 188008858 188008858",,0.313
David M Romero,David M Romero,,,,,,,,,,,0.000
David P Grant,David P Grant,,,,https://www.findagrave.com/memorial/214799258/david-grant,214799258,David Grant (1879-1954) - Find a Grave Memorial,18,19,"Buried at Barrow Cemetery and Crematorium, Barrow-In-Furness, Barrow-in-Furness Borough, Cumbria, England, Europe David Grant",,0.260
David W Manning,David W Manning,,,,,,,,,,,0.000
Dean E Beattie,Dean E Beattie,,,,,,,,,,,0.000
Dennis E Phelps,Dennis E Phelps,,,,https://www.findagrave.com/memorial/104736679/dennis-phelps,104736679,Dennis Phelps (1884-1964) - Find a Grave Memorial,18,19,"Buried at Carmel Cemetery, Carmel, Hamilton County, Indiana, United States of America, North America Dennis Phelps",,0.286
Dennis Wallace,Dennis Wallace,,,,,,,,,,,0.000
Deran Koligian,Deran Koligian,,,,,,,,,,,0.000
Dick Dewees,Dick Dewees,,,,,,,,,,,0.000
Don Clausen,Don Clausen,,,,https://www.findagrave.com/memorial/44772518/don-w-clausen,44772518,Don W Clausen (1908-1974) - Find a Grave Memorial,19,19,"Buried at Binger Cemetery, Binger, Caddo County, Oklahoma, United States of America, North America Don W Clausen",,0.260
Don J Burt,Don J Burt,,,,,,,,,,,0.000
Donald D Doyle,Donald D Doyle,,,,https://www.findagrave.com/memorial/148671835/donald-doyle,148671835,Donald Doyle (unknown-1991) - Find a Grave...,19,,"Buried at Southern Cemetery, Chorlton-Cum-Hardy, Metropolitan Borough of Manchester, Greater Manchester, England, Europe Donald Doyle",,0.306
Donald E Demers,Donald E Demers,,,,,,,,,,,0.000
Donald Mark Lichliter,Donald Mark Lichliter,,,,,,,,,,,0.000
Donna P Mauzy,Donna P Mauzy,,,,,,CDR Richard Alan Monteith (1946-2000) - Find a...,19,20,"Burial Colonial Grove Memorial Park Virginia Beach , City of Virginia Beach , Virginia , USA Show Map GPS-Latitude",,0.120
Douglas Scott Russell,Douglas Scott Russell,,,,,,,,,,,0.000
Downey Ricardo Galvez,Downey Ricardo Galvez,,,,,,,,,,,0.000
Dwight D Eisenhower,Dwight D Eisenhower,,,,,,,,,,,0.000
Dwight David Eisenhower,Dwight David Eisenhower,,,,https://www.findagrave.com/memorial/9181915/elias-rollins,9181915,Elias T “Tank” Rollins (1851-1894) - Find a Grave...,18,18,Cemetery Memorial Photos 4 Flowers 306 Photo added by scrap Add Photos Request Photo Adding photos to this memorial is not allowed,,0.290
Earl Scott,Earl Scott,,,,,,,,,,,0.000
Earle W Wrieden,Earle W Wrieden,,,,,,,,,,,0.000
Eduardo Silva,Eduardo Silva,,,,https://www.findagrave.com/memorial/205748970/eduardo-silva,205748970,Eduardo “Lalo” Silva (2000-2019) - Find a Grave...,20,20,Burial will be held at 2,,0.319
Eg Lewis,Eg Lewis,,,,,,,,,,,0.000
Eric Seastrand,Eric Seastrand,,,,,,,,,,,0.000
Eric W Rood,Eric W Rood,,,,,,,,,,,0.000
Erick S Manny,Erick S Manny,,,,https://www.findagrave.com/memorial/10187215/rebecca-wirtz,10187215,Rebecca Rose “Becky” Wirtz (1978-1983) - Find a...,19,19,Cemetery Memorial Photos 26 Flowers 11914 Photo added by Lori Nash-Kanitz,,0.322
Erik Jon Telen,Erik Jon Telen,,,,,,,,,,,0.000
Erling Hjertager,Erling Hjertager,,,,https://www.findagrave.com/memorial/110170022/lorraine-stobaugh,110170022,Lorraine B. Dinquel Stobaugh (1921-2013) - Find a...,19,20,Cemetery Memorial Photos 11 Flowers 374 Photo added by Always with Love Add Photos Request Photo Adding photos to this memorial is not allowed,,0.282
Ernest R Felio,Ernest R Felio,,,,,,,,,,,0.000
Esteban Bahena,Esteban Bahena,,,,,,,,,,,0.000
Esther Padilla,Esther Padilla,,,,https://www.findagrave.com/memorial/40390434/esther-padilla,40390434,Esther Padilla (1927-2001) - Find a Grave Memorial,19,20,Burial will be in Eloy Memorial Park,,0.308
Eugene Gene Chappie,Eugene Gene Chappie,,,,,,,,,,,0.000
Eva Marie Schicke,Eva Marie Schicke,,,,,,,,,,,0.000
F S Pete Pedroza,F S Pete Pedroza,,,,,,Felix Pedroza (1931-1997) - Find a Grave Memorial,19,19,burial    in  Mount  Olivet  Cemetery,,0.217
Federal Scott Williams,Federal Scott Williams,,,,,,,,,,,0.000
Fortuna Raymond Quincy Mills,Fortuna Raymond Quincy Mills,,,,,,,,,,,0.000
Frank F Momyer,Frank F Momyer,,,,,,James Howard Horton (1908-2004) - Find a Grave...,19,20,"Burial Greenlawn Memorial Gardens Walterboro , Colleton County , South Carolina , USA Add to Map Memorial ID 10844020 10844020",,0.095
Frank Lanterman,Frank Lanterman,,,,,,,,,,,0.000
Frank M Pribble,Frank M Pribble,,,,https://www.findagrave.com/memorial/40950728/frank-c-pribble,40950728,Frank C. Pribble (1902-1963) - Find a Grave...,19,19,"Buried at Holy Sepulcher Cemetery, Cudahy, Milwaukee County, Wisconsin, United States of America, North America Frank C",,0.350
Frank P Belotti,Frank P Belotti,,,,,,,,,,,0.000
Frederick E Terman,Frederick E Terman,,,,,,,,,,,0.000
Fullerton Jerry Hatch,Fullerton Jerry Hatch,,,,,,F Clive Hatch - Find a Grave Memorial,,,"Burial Oshawa Union Cemetery Oshawa , Durham Regional Municipality , Ontario , Canada Add to Map Memorial ID 200858808 200858808",,0.209
Gary Helming,Gary Helming,,,,,,,,,,,0.000
Gary Wayne Wolfley,Gary Wayne Wolfley,,,,,,,,,,,0.000
Gayle W Wood,Gayle W Wood,,,,,,Gayle Wood (1929-1981) - Find a Grave Memorial,19,19,"Buried at Canyon Hill Cemetery, Caldwell, Canyon County, Idaho, United States of America, North America Gayle Wood",,0.245
George Alan Ingalls,George Alan Ingalls,,,,,,,,,,,0.000
George E Brown,George E Brown,,,,https://www.findagrave.com/memorial/157879741/george-brown,157879741,George Brown (1863-1943) - Find a Grave Memorial,18,19,"Burial Nanaimo Municipal Cemetery Nanaimo , Nanaimo Regional District , British Columbia , Canada Add to Map Memorial ID 157879741 157879741",,0.274
George M Alleyn,George M Alleyn,,,,,,,,,,,0.000
Gerald Blackie Sawyer,Gerald Blackie Sawyer,,,,,,,,,,,0.000
Gilbert Cortez,Gilbert Cortez,,,,https://www.findagrave.com/memorial/103396394/gilbert-cortez,103396394,Gilbert Cortez (unknown-1911) - Find a Grave...,19,,"Buried at Union Cemetery, Bakersfield, Kern County, California, United States of America, North America Gilbert Cortez",,0.343
Glendale Charles A Lazzaretto,Glendale Charles A Lazzaretto,,,,,,,,,,,0.000
Glenn Anderson,Glenn Anderson,,,,,,,,,,,0.000
Greg A Gariepy,Greg A Gariepy,,,,,,Steven Liss Rucker (1965-2003) - Find a Grave...,19,20,"Burial Cremated, Ashes given to family or friend Memorial ID 8043635 8043635",,0.193
Gunnery John Basilone,Gunnery John Basilone,,,,,,,,,,,0.000
Harold Del Ponte,Harold Del Ponte,,,,https://www.findagrave.com/memorial/285538877/harold-louis-pontefract,285538877,Harold Louis Pontefract (1872-1880) - Find a Grave...,18,18,"Buried at Highgate Cemetery West, Highgate, London Borough of Camden, Greater London, England, Europe Harold Louis Pontefract",,0.298
Harold E Horine,Harold E Horine,,,,,,,,,,,0.000
Harold T Bizz Johnson,Harold T Bizz Johnson,,,,,,,,,,,0.000
Harvey L Hall,Harvey L Hall,,,,https://www.findagrave.com/memorial/210093321/harvey-hall,210093321,Harvey Hall (1820-1887) - Find a Grave Memorial,18,18,"Burial Saint George's Anglican Cemetery Denfield , Middlesex County , Ontario , Canada Show Map GPS-Latitude",,0.260
Hawthorne Andrew Garton,Hawthorne Andrew Garton,,,,,,,,,,,0.000
Henry J Mello,Henry J Mello,,,,https://www.findagrave.com/memorial/3609008/henry-mello,3609008,Henry Mello (1919-1944) - Find a Grave Memorial,19,19,interred at Golden Gate National Cemetery 10 Aug,,0.260
Hugo Olazar,Hugo Olazar,,,,,,,,,,,0.000
Irene B Rios,Irene B Rios,,,,,,,,,,,0.000
Isaiah A Cordero,Isaiah A Cordero,,,,https://www.findagrave.com/memorial/17885462/daniel-buckley,17885462,PVT Daniel “Dannie” Buckley Jr. (1890-1918) - Find...,18,19,Cemetery Memorial Photos 8 Flowers 558 Photo added by Carrie-Anne Add Photos Request Photo Adding photos to this memorial is not allowed,,0.307
J Arthur Younger,J Arthur Younger,,,,,,,,,,,0.000
Jack Hopkins,Jack Hopkins,,,,https://www.findagrave.com/memorial/140507754/jack-hopkins,140507754,Jack Hopkins (1937-1951) - Find a Grave Memorial,19,19,"Buried at Bethany-Tiller Cemetery, Lee County, South Carolina, United States of America, North America Jack Hopkins",,0.284
Jack Oconnell,Jack Oconnell,,,,,,,,,,,0.000
Jack Polen,Jack Polen,,,,,,,,,,,0.000
Jack Snyder,Jack Snyder,,,,https://www.findagrave.com/memorial/181225230/jack-snyder,181225230,Jack Snyder (1927-2000) - Find a Grave Memorial,19,20,"Buried at Restlawn Memorial Park, Perrysburg, Wood County, Ohio, United States of America, North America Jack Snyder",,0.270
Jack Tanaka,Jack Tanaka,,,,,,,,,,,0.000
Jackie Robinson,Jackie Robinson,,,,,,,,,,,0.000
Jacob Dekema,Jacob Dekema,,,,,,Charles Andrew “Chuck” Wolkotte (1965-2004) - Find...,19,20,"Burial Cremated, Ashes given to family or friend",,0.118
James Chavez,James Chavez,,,,,,,,,,,0.000
James Craig Schmidt,James Craig Schmidt,,,,,,,,,,,0.000
James D Schultz,James D Schultz,,,,https://www.findagrave.com/memorial/132578906/james-schultz,132578906,James Schultz (unknown-1955) - Find a Grave...,19,,"Burial Oakwood Cemetery Muskegon , Muskegon County , Michigan , USA Add to Map Plot 2-11-1 grave 12 Memorial ID 132578906 132578906",,0.319
James E Mccabe,James E Mccabe,,,,,,,,,,,0.000
James J Schumacher,James J Schumacher,,,,https://www.findagrave.com/memorial/88010922/james-schumacher,88010922,James Schumacher (1923-1923) - Find a Grave...,19,19,"Burial Corpus Christi Catholic Cemetery Bakerville , Wood County , Wisconsin , USA Show Map GPS-Latitude",,0.371
James Lick,James Lick,,,,,,,,,,,0.000
James M Goodman,James M Goodman,,,,,,,,,,,0.000
James Mitchell Mitch Waller,James Mitchell Mitch Waller,,,,,,James Waller (1786-1840) - Find a Grave Memorial,18,,"Buried at Edgefield Old Churchyard, Edgefield, North Norfolk District, Norfolk, England, Europe James Waller",,0.223
James Rapozo,James Rapozo,,,,,,,,,,,0.000
James Thalman,James Thalman,,,,https://www.findagrave.com/memorial/229799942/james-alan-thalman,229799942,James Alan Thalman (1946-2016) - Find a Grave...,19,20,"Burial Chapel Lawn Memorial Gardens Winnipeg , Greater Winnipeg , Manitoba , Canada Add to Map Plot Last Supper Garden Memorial ID 229799942 229799942",,0.319
James Throne,James Throne,,,,,,,,,,,0.000
James Wayne Macdonald,James Wayne Macdonald,,,,,,,,,,,0.000
Jared M Landaker,Jared M Landaker,,,,,,,,,,,0.000
Jeffrey Jef Dye,Jeffrey Jef Dye,,,,https://www.findagrave.com/memorial/234032066/jeffrey-a-dye,234032066,Jeffrey A. Dye (1962-2021) - Find a Grave Memorial,19,20,"Burial Senecaville Cemetery Senecaville , Guernsey County , Ohio , USA Add to Map Memorial ID 234032066 234032066",,0.264
Jeffrey Lynn Azuar,Jeffrey Lynn Azuar,,,,,,,,,,,0.000
Jenny Oropeza,Jenny Oropeza,,,,,,,,,,,0.000
Jere Melo,Jere Melo,,,,,,,,,,,0.000
Jeremiah Mackay,Jeremiah Mackay,,,,https://www.findagrave.com/memorial/244357317/jeremiah-bayne-mackay,244357317,Jeremiah Bayne Mackay (unknown-1961) - Find a...,19,,"Buried at Springvale Botanical Cemetery, Springvale, City of Greater Dandenong, Victoria, Australia, Oceania Jeremiah Bayne Mackay",,0.355
Jerry Medina,Jerry Medina,,,,,,,,,,,0.000
Jesus Jesse Sanchez,Jesus Jesse Sanchez,,,,,,,,,,,0.000
Jesus S Duran,Jesus S Duran,,,,,,Jesus Duran (unknown-1995) - Find a Grave Memorial,19,,"Buried at Mount Carmel Cemetery, El Paso, El Paso County, Texas, United States of America, North America Jesus Duran",,0.247
Jim Costa,Jim Costa,,,,,,,,,,,0.000
Jimmy A Arevalo,Jimmy A Arevalo,,,,,,,,,,,0.000
Jimmy Arty Inn,Jimmy Arty Inn,,,,,,Jimmy Innes (unknown-1983) - Find a Grave Memorial,19,,"Buried at All Saints Churchyard, Brenchley, Tunbridge Wells Borough, Kent, England, Europe Jimmy Innes",,0.198
Joan Bechtel,Joan Bechtel,,,,,,,,,,,0.000
Joash E Paul,Joash E Paul,,,,,,,,,,,0.000
Joe Cox,Joe Cox,,,,,,Joe Cox (1891-1957) - Find a Grave Memorial,18,19,"Buried at Sentinel Cemetery, Sentinel, Washita County, Oklahoma, United States of America, North America Joe Cox",,0.202
Joe Gatto,Joe Gatto,,,,,,,,,,,0.000
Joe Levy,Joe Levy,,,,,,Joe Levy (unknown-1887) - Find a Grave Memorial,18,,"Buried at Temple Israel Memorial Park, Minneapolis, Hennepin County, Minnesota, United States of America, North America Joe Levy",,0.208
Joe R Landin,Joe R Landin,,,,,,,,,,,0.000
Joel B Wahlenmaier,Joel B Wahlenmaier,,,,,,,,,,,0.000
Joel Mendenhall,Joel Mendenhall,,,,https://www.findagrave.com/memorial/73955768/joel-balard-mendenhall,73955768,Joel Balard Mendenhall (1851-1913) - Find a Grave...,18,19,"Burial Pleasant Hill Cemetery Pleasant Hill , Cass County , Missouri , USA Add to Map Plot 8-680 Memorial ID 73955768 73955768",,0.331
John B Williams,John B Williams,,,,,,,,,,,0.000
John Bailey,John Bailey,,,,,,,,,,,0.000
John Burton,John Burton,,,,https://www.findagrave.com/memorial/157685392/john-burton,157685392,John Burton (1780-1835) - Find a Grave Memorial,18,18,"Burial: 13 Aug 1835 St Mary the Virgin, Eccles, Lancs",,0.270
John C Begovich,John C Begovich,,,,,,,,,,,0.000
John D Guthrie,John D Guthrie,,,,https://www.findagrave.com/memorial/186423729/john-guthrie,186423729,John Guthrie - Find a Grave Memorial,,,"Buried at Auchinleck Old Churchyard, Auchinleck, East Ayrshire, Scotland, Europe John Guthrie - Find a Grave Memorial Skip to main content Home Memorials Cemeteries Famous Contribute Register Sign In Register Sign In Unlock Ad-Free Browsing",,0.325
John F Foran,John F Foran,,,,,,,,,,,0.000
John G Veneman,John G Veneman,,,,,,,,,,,0.000
John J Montgomery,John J Montgomery,,,,https://www.findagrave.com/memorial/271009091/john-montgomery,271009091,John Montgomery (1943-2024) - Find a Grave...,19,20,Burial Details Unknown John Montgomery,,0.361
John Jack Armatoski,John Jack Armatoski,,,,,,,,,,,0.000
John Mcveigh,John Mcveigh,,,,,,,,,,,0.000
John P Miller,John P Miller,,,,https://www.findagrave.com/memorial/271101957/john-miller,271101957,John Miller (1816-1878) - Find a Grave Memorial,18,18,"Buried at Pleasant Grove Cemetery, Moccasin, Effingham County, Illinois, United States of America, North America John Miller",,0.260
John Palacios,John Palacios,,,,,,,,,,,0.000
John Paul Monego,John Paul Monego,,,,,,,,,,,0.000
John Pedro,John Pedro,,,,https://www.findagrave.com/memorial/124188126/john-pedro,124188126,John “Jack” Pedro (1879-1912) - Find a Grave...,18,19,"Burial Fernwood Cemetery Mill Valley , Marin County , California , USA Add to Map Memorial ID 124188126 124188126",,0.277
John Pierce,John Pierce,,,,https://www.findagrave.com/memorial/102368097/john-pierce,102368097,John Pierce (1878-1967) - Find a Grave Memorial,18,19,"Burial Fairview Cemetery Copenhagen , Lewis County , New York , USA Add to Map Memorial ID 102368097 102368097",,0.270
John Steinbeck,John Steinbeck,,,,,,,,,,,0.000
John T Knox,John T Knox,,,,,,,,,,,0.000
Johnny R Martinez,Johnny R Martinez,,,,https://www.findagrave.com/memorial/142556530/johnny-martinez,142556530,Johnny Martinez (1963-1995) - Find a Grave...,19,19,"Buried at Greenwood Memorial Park and Mausoleum, Fort Worth, Tarrant County, Texas, United States of America, North America Johnny Martinez",,0.361
Jose Gil Vega,Jose Gil Vega,,,,,,,,,,,0.000
Joseph P Sanders,Joseph P Sanders,,,,,,,,,,,0.000
Juan Gonzalez,Juan Gonzalez,,,,https://www.findagrave.com/memorial/102620617/juan-gonzalez,102620617,Juan Gonzalez (unknown-1976) - Find a Grave...,19,,"Buried at Green-Wood Cemetery, Greenwood Heights, Kings County, New York, United States of America, North America Juan Gonzalez",,0.331
Juan Miguel Mendez Covarrubias,Juan Miguel Mendez Covarrubias,,,,,,,,,,,0.000
June Mccarroll,June Mccarroll,,,,,,,,,,,0.000
Junipero Serra,Junipero Serra,,,,,,PVT J Serra (unknown-1944) - Find a Grave Memorial,19,,"Buried at Sangro River War Cemetery, Torino di Sangro, Provincia di Chieti, Abruzzo, Italy, Europe PVT J Serra",,0.154
Justin Kepler,Justin Kepler,,,,,,,,,,,0.000
Katcho Achadjian,Katcho Achadjian,,,,,,,,,,,0.000
Keith Boyer,Keith Boyer,,,,,,,,,,,0.000
Kenneth L Maddy,Kenneth L Maddy,,,,https://www.findagrave.com/memorial/79171651/kenneth-leon-maddy,79171651,Kenneth Leon Maddy (1934-2000) - Find a Grave...,19,20,"Burial Inglewood Park Cemetery Inglewood , Los Angeles County , California , USA Add to Map Plot Evergreen, lot 483 Memorial ID 79171651 79171651",,0.355
Kent D Pursel,Kent D Pursel,,,,,,,,,,,0.000
Kent Haws,Kent Haws,,,,,,,,,,,0.000
Kent Hintergardt,Kent Hintergardt,,,,,,,,,,,0.000
Kevin Michael Burrell,Kevin Michael Burrell,,,,https://www.findagrave.com/memorial/271354412/kevin-andre-burrell,271354412,Kevin Andre Burrell (1991-2012) - Find a Grave...,19,20,"Buried at Zion Baptist Church Cemetery, Prince Edward County, Virginia, United States of America, North America Kevin Andre Burrell",,0.335
Kevin Tonn,Kevin Tonn,,,,,,,,,,,0.000
Kevin Woyjeck,Kevin Woyjeck,,,,,,,,,,,0.000
Kirk Griess,Kirk Griess,,,,https://www.findagrave.com/memorial/9372013/john-simmons,9372013,John Edward Simmons Jr. (1966-2004) - Find a Grave...,19,20,Cemetery Memorial Photos 2 Flowers 641 Photo added by Geri Add Photos Request Photo Adding photos to this memorial is not allowed,,0.292
Lance Christian Vasquez,Lance Christian Vasquez,,,,,,,,,,,0.000
Lance Javier Olvera,Lance Javier Olvera,,,,,,,,,,,0.000
Larry Chimbole,Larry Chimbole,,,,,,,,,,,0.000
Larry L Wetterling,Larry L Wetterling,,,,,,,,,,,0.000
Leo Stanley Hulett,Leo Stanley Hulett,,,,https://www.findagrave.com/memorial/75447850/leola-a-hulett,75447850,Leola A. Brown Hulett (1902-1950) - Find a Grave...,19,19,"Burial Salisbury Cemetery Salisbury , Herkimer County , New York , USA Add to Map Plot F - 153 Memorial ID 75447850 75447850",,0.282
Lesley Zerebny,Lesley Zerebny,,,,,,,,,,,0.000
Lewis E Platt,Lewis E Platt,,,,https://www.findagrave.com/memorial/142691276/lewis-platt,142691276,Lewis Platt - Find a Grave Memorial,,,"Buried at The Evergreens Cemetery, Brooklyn, Kings County, New York, United States of America, North America Lewis Platt - Find a Grave Memorial Skip to main content Home Memorials Cemeteries Famous Contribute Register Sign In Register Sign In Unlock Ad-Free Browsing",,0.311
Linus F Claeys,Linus F Claeys,,,,,,,,,,,0.000
Loren D Scruggs,Loren D Scruggs,,,,,,,,,,,0.000
Louella Thomas,Louella Thomas,,,,https://www.findagrave.com/memorial/143593160/louella-thomas,143593160,Louella Stedman Thomas (1863-1936) - Find a Grave...,18,19,"Buried at Sylvan Heights Cemetery, Oliver, Fayette County, Pennsylvania, United States of America, North America Louella Stedman Thomas",,0.314
Louis J Papan,Louis J Papan,,,,,,,,,,,0.000
Louis Zamperini,Louis Zamperini,,,,,,,,,,,0.000
Lucas F Chellew,Lucas F Chellew,,,,,,,,,,,0.000
Luis Carlos Ruan,Luis Carlos Ruan,,,,https://www.findagrave.com/memorial/290821656/luis-antonio-gir%C3%B3n_ruano,290821656,Luis Antonio Girón Ruano (unknown-2025) - Find a...,20,,"Buried at Cementerio Los Parques, Mixco, Municipio de Mixco, Guatemala, Guatemala, North America Luis Antonio Gir",,0.286
Luther Burbank,Luther Burbank,,,,,,,,,,,0.000
Luther E Gibson,Luther E Gibson,,,,,,,,,,,0.000
Manuel A Gonzalez,Manuel A Gonzalez,,,,https://www.findagrave.com/memorial/186179119/manuel-gonzalez,186179119,Manuel Gonzalez (1953-2017) - Find a Grave...,19,20,"Burial Oakland Cemetery Philadelphia , Philadelphia County , Pennsylvania , USA Add to Map Memorial ID 186179119 186179119",,0.361
Manuel Joaquin Holguin,Manuel Joaquin Holguin,,,,,,,,,,,0.000
Mark A White,Mark A White,,,,,,Mark White (1859-1943) - Find a Grave Memorial,18,19,"Burial Highland Cemetery Williamsburg , Whitley County , Kentucky , USA Add to Map Plot Old Section Memorial ID 27603236 27603236",,0.245
Mark Ratledge,Mark Ratledge,,,,,,,,,,,0.000
Martin A Matich,Martin A Matich,,,,,,,,,,,0.000
Martin L Ganz,Martin L Ganz,,,,https://www.findagrave.com/memorial/257635681/martin-ganz,257635681,Martin Ganz (1965-2013) - Find a Grave Memorial,19,20,"Buried at Friedhof Au am Rhein, Au am Rhein, Landkreis Rastatt, Baden-W",,0.260
Martin Luther King,Martin Luther King,,,,,,,,,,,0.000
Matt Will,Matt Will,,,,https://www.findagrave.com/memorial/108975180/matthew-will,108975180,Matthew Will (unknown-1971) - Find a Grave...,19,,Buried at Cimeti,,0.254
Matthew Patrick Manoukian,Matthew Patrick Manoukian,,,,,,,,,,,0.000
Matthew Slostringer Frank,Matthew Slostringer Frank,,,,,,,,,,,0.000
Merrit W Deeds,Merrit W Deeds,,,,,,,,,,,0.000
Michael Allen Brandt,Michael Allen Brandt,,,,https://www.findagrave.com/memorial/200347144/michael-brandt,200347144,Michael Brandt (1850-1905) - Find a Grave Memorial,18,19,"Burial Hillside Cemetery and Memorial Gardens Roslyn , Montgomery County , Pennsylvania , USA Add to Map Memorial ID 200347144 200347144",,0.280
Michael Crain,Michael Crain,,,,,,,,,,,0.000
Michael Elvin Walker,Michael Elvin Walker,,,,https://www.findagrave.com/memorial/132981669/michael-walker,132981669,Michael Walker (1838-1881) - Find a Grave Memorial,18,18,"Buried at Mount Olivet Cemetery, Hannibal, Marion County, Missouri, United States of America, North America Michael Walker",,0.280
Michael J Burns,Michael J Burns,,,,,,,,,,,0.000
Michael Mike Jason Katherman,Michael Mike Jason Katherman,,,,,,,,,,,0.000
Michael Mikey Hallenbeck,Michael Mikey Hallenbeck,,,,https://www.findagrave.com/memorial/12692629/michael-hallenbeck,12692629,Michael Hallenbeck (1791-1883) - Find a Grave...,18,,"Buried at Bellinger Cemetery, Schoharie County, New York, United States of America, North America Michael Hallenbeck",,0.366
Michael Wickman,Michael Wickman,,,,,,,,,,,0.000
Mike Lane,Mike Lane,,,,,,,,,,,0.000
Milton La Malfa,Milton La Malfa,,,,,,,,,,,0.000
Modesto Leo Volk,Modesto Leo Volk,,,,,,,,,,,0.000
Modesto Steve May,Modesto Steve May,,,,https://www.findagrave.com/memorial/223505667/modesto-r-mayo,223505667,Modesto R. Mayo (1909-1970) - Find a Grave...,19,19,"Buried at Santa Barbara Public Cemetery, Santa Barbara, Pangasinan Province, Ilocos, Philippines, Asia Modesto R",,0.294
Monty L Conley,Monty L Conley,,,,,,,,,,,0.000
Natalie Corona,Natalie Corona,,,,,,N Cotonado/Coronado A (unknown-1957) - Find a...,19,,"Buried at Cementerio de Pacasmayo, Pacasmayo, Provincia de Pacasmayo, La Libertad, Peru, South America N Cotonado",,0.196
Nathan Shapell,Nathan Shapell,,,,,,,,,,,0.000
Nels Dan Niemi,Nels Dan Niemi,,,,,,,,,,,0.000
Nicholas Vella,Nicholas Vella,,,,https://www.findagrave.com/memorial/194364595/nicholas-vella,194364595,Nicholas Vella (1897-1981) - Find a Grave Memorial,18,19,"Buried at Greenwood Memory Lawn Cemetery, Phoenix, Maricopa County, Arizona, United States of America, North America Nicholas Vella",,0.308
Norman Y Mineta,Norman Y Mineta,,,,,,,,,,,0.000
Oceanside Daniel S Bessant,Oceanside Daniel S Bessant,,,,,,,,,,,0.000
Oceanside Tony Zeppetella,Oceanside Tony Zeppetella,,,,,,,,,,,0.000
Ort J Lofthus,Ort J Lofthus,,,,,,,,,,,0.000
Oscar Rios,Oscar Rios,,,,https://www.findagrave.com/memorial/80581960/oscar-rios,80581960,Oscar Rios (1903-1927) - Find a Grave Memorial,19,19,"Buried at Mount Calvary Cemetery, Austin, Travis County, Texas, United States of America, North America Oscar Rios",,0.255
Pasadena Richard Morris,Pasadena Richard Morris,,,,,,,,,,,0.000
Pat Nimmo,Pat Nimmo,,,,,,,,,,,0.000
Pat Nixon,Pat Nixon,,,,https://www.findagrave.com/memorial/135539114/pat-edwin-nixon,135539114,Pat Edwin Nixon (1934-1993) - Find a Grave...,19,19,"Buried at Oakhaven Memorial Gardens, Claremore, Rogers County, Oklahoma, United States of America, North America Pat Edwin Nixon",,0.254
Patricia Ann Weston,Patricia Ann Weston,,,,,,,,,,,0.000
Patricia M Scully,Patricia M Scully,,,,https://www.findagrave.com/memorial/254276084/patricia-scully,254276084,Patricia Scully (unknown-2014) - Find a Grave...,20,,"Buried at New Killybegs Cemetery, Prosperous, Prosperous, County Kildare, Ireland, Europe Patricia Scully",,0.342
Patrick Jones,Patrick Jones,,,,,,,,,,,0.000
Paul C Jarske,Paul C Jarske,,,,,,,,,,,0.000
Paul H Pino,Paul H Pino,,,,,,Paul Pino (unknown-1996) - Find a Grave Memorial,19,,"Buried at Santo Nino de Atocha Cemetery, Buena Vista, Mora County, New Mexico, United States of America, North America Paul Pino",,0.217
Paul J Lunardi,Paul J Lunardi,,,,,,,,,,,0.000
Paul Johnson,Paul Johnson,,,,,,,,,,,0.000
Paul Vincent Rotondaro,Paul Vincent Rotondaro,,,,,,,,,,,0.000
Pepe Petersen,Pepe Petersen,,,,,,,,,,,0.000
Pfc George Howell,Pfc George Howell,,,,,,P Ann Howell (1932-2020) - Find a Grave Memorial,19,20,"Buried at Willamette National Cemetery, Portland, Multnomah County, Oregon, United States of America, North America P Ann Howell",,0.195
Pomona Greggory Casillas,Pomona Greggory Casillas,,,,,,,,,,,0.000
Pomona Shaun Diamond,Pomona Shaun Diamond,,,,,,,,,,,0.000
Quentin L Kopp,Quentin L Kopp,,,,,,,,,,,0.000
R Kirk Lindsey,R Kirk Lindsey,,,,,,,,,,,0.000
Ramon Figueroa,Ramon Figueroa,,,,https://www.findagrave.com/memorial/277069876/ramon-figueroa,277069876,Ramon Figueroa (1934-1987) - Find a Grave Memorial,19,19,"Buried at Barangka Municipal Cemetery, Marikina, Eastern Manila District, National Capital Region, Philippines, Asia Ramon Figueroa",,0.308
Ramon Ojeda,Ramon Ojeda,,,,,,,,,,,0.000
Randy Bolt,Randy Bolt,,,,,,,,,,,0.000
Raul Vasquez Gama,Raul Vasquez Gama,,,,,,Raul Gama (1949-2020) - Find a Grave Memorial,19,20,"Buried at Rookwood Catholic Cemeteries and Crematoria, Rookwood, Cumberland City Council, New South Wales, Australia, Oceania Raul Gama",,0.205
Ray E Johnson,Ray E Johnson,,,,,,,,,,,0.000
Reuben F Rios,Reuben F Rios,,,,https://www.findagrave.com/memorial/62889897/reuben-fred-rios,62889897,Reuben Fred Rios (1942-1996) - Find a Grave...,19,19,"Burial Hermosa Gardens Cemetery Colton , San Bernardino County , California , USA Add to Map Memorial ID 62889897 62889897",,0.331
Ricardo A Crocker,Ricardo A Crocker,,,,,,,,,,,0.000
Ricardo Ricky Barraza,Ricardo Ricky Barraza,,,,,,,,,,,0.000
Richard D Duvall,Richard D Duvall,,,,https://www.findagrave.com/memorial/93217950/richard-duvall,93217950,Richard Duvall (1881-1952) - Find a Grave Memorial,18,19,"Buried at Boston Cemetery, Boston, Wayne County, Indiana, United States of America, North America Richard Duvall",,0.298
Richard Dick Dickerson,Richard Dick Dickerson,,,,,,,,,,,0.000
Richard Dick Noles,Richard Dick Noles,,,,https://www.findagrave.com/memorial/82859271/richard-eldon-noles,82859271,Richard Eldon Noles (1899-1980) - Find a Grave...,18,19,"Burial Pleasant Hope Cemetery Rome , Floyd County , Georgia , USA Add to Map Plot Section I Memorial ID 82859271 82859271",,0.481
Richard Hyche,Richard Hyche,,,,,,,,,,,0.000
Richard Perkins,Richard Perkins,,,,,,,,,,,0.000
Richard T Steed,Richard T Steed,,,,https://www.findagrave.com/memorial/45766822/richard-steed,45766822,Richard Steed (1808-1863) - Find a Grave Memorial,18,18,"Burial Holy Cross Churchyard Hoath , City of Canterbury , Kent , England Add to Map Memorial ID 45766822 45766822",,0.286
Rick Charles Cromwell,Rick Charles Cromwell,,,,,,,,,,,0.000
Ricky Del Fiorentino,Ricky Del Fiorentino,,,,,,,,,,,0.000
Ritchie Valens,Ritchie Valens,,,,,,,,,,,0.000
Robert Bob Paris,Robert Bob Paris,,,,https://www.findagrave.com/memorial/190745148/robert-paris,190745148,Robert Paris (1949-2018) - Find a Grave Memorial,19,20,"Burial Sandia Memory Gardens Albuquerque , Bernalillo County , New Mexico , USA Show Map GPS-Latitude",,0.264
Robert Bob Thompson,Robert Bob Thompson,,,,,,,,,,,0.000
Robert Bobby French,Robert Bobby French,,,,,,,,,,,0.000
Robert Franklin Dickey,Robert Franklin Dickey,,,,https://www.findagrave.com/memorial/95437345/robert-dickey,95437345,Robert Dickey (1870-1941) - Find a Grave Memorial,18,19,"Buried at Laurelwood Cemetery, Stroudsburg, Monroe County, Pennsylvania, United States of America, North America Robert Dickey",,0.256
Robert J Quirk,Robert J Quirk,,,,,,,,,,,0.000
Robert Joe Mata,Robert Joe Mata,,,,https://www.findagrave.com/memorial/126277852/robert-mata,126277852,Robert “Biggs” Mata - Find a Grave Memorial,,,Burial Details Unknown Robert,,0.289
Robert Jones,Robert Jones,,,,,,,,,,,0.000
Robert M Jackson,Robert M Jackson,,,,,,,,,,,0.000
Robert Rumfelt,Robert Rumfelt,,,,https://www.findagrave.com/memorial/62066130/robert-ellison-rumfelt,62066130,Robert Ellison Rumfelt Jr. (1903-1978) - Find a...,19,19,"Burial High Hill Cemetery Pocahontas , Cape Girardeau County , Missouri , USA Add to Map Memorial ID 62066130 62066130",,0.331
Robert Scott Johnson,Robert Scott Johnson,,,,,,,,,,,0.000
Robert T Monagan,Robert T Monagan,,,,,,,,,,,0.000
Roberto Bobby Salcedo,Roberto Bobby Salcedo,,,,https://www.findagrave.com/memorial/105243332/roberto-salcedo,105243332,Roberto Salcedo (1957-2012) - Find a Grave...,19,20,"Buried at Restlawn Memorial Park, El Paso, El Paso County, Texas, United States of America, North America Roberto Salcedo",,0.336
Roberto C Sanchez,Roberto C Sanchez,,,,,,,,,,,0.000
Roger D Gore,Roger D Gore,,,,,,Roger Gore (1851-1911) - Find a Grave Memorial,18,19,"Buried at Hindley Cemetery, Hindley, Metropolitan Borough of Wigan, Greater Manchester, England, Europe Roger Gore",,0.245
Roger Gore,Roger Gore,,,,,,,,,,,0.000
Roger Lee,Roger Lee,,,,,,,,,,,0.000
Ronald Packard,Ronald Packard,,,,https://www.findagrave.com/memorial/214118993/ronald-frank-packard,214118993,Ronald Frank Packard (1925-2013) - Find a Grave...,19,20,"Burial Achorn Cemetery Rockland , Knox County , Maine , USA Show Map GPS-Latitude",,0.325
Ronald Reagan,Ronald Reagan,,,,,,,,,,,0.000
Ronald Ron Lee Helus,Ronald Ron Lee Helus,,,,,,,,,,,0.000
Ronil Singh,Ronil Singh,,,,,,R Singh (unknown-1946) - Find a Grave Memorial,19,,"Buried at Casterton Cemetery, Casterton, Glenelg Shire, Victoria, Australia, Oceania R Singh",,0.175
Rosa Parks,Rosa Parks,,,,,,,,,,,0.000
Roy Wilson,Roy Wilson,,,,https://www.findagrave.com/memorial/200578160/roy-wilson,200578160,Roy Wilson (1908-1978) - Find a Grave Memorial,19,19,"Buried at Emo Municipal Cemetery, Emo, Rainy River District, Ontario, Canada, North America Roy Wilson",,0.255
Ruben Salazar,Ruben Salazar,,,,,,,,,,,0.000
Rudolph B Davila,Rudolph B Davila,,,,,,,,,,,0.000
Russell M Miller,Russell M Miller,,,,https://www.findagrave.com/memorial/167977793/russell-miller,167977793,Russell Miller (1916-1967) - Find a Grave Memorial,19,19,Buried 22 April 1967 Russell Miller,,0.298
Ryan Stringer,Ryan Stringer,,,,,,,,,,,0.000
Sally Ride,Sally Ride,,,,https://www.findagrave.com/memorial/260890509/sally-ride,260890509,Sally Ride (1951-2012) - Find a Grave Memorial,19,20,burial here American Astronaut,,0.255
Salvador J Lara,Salvador J Lara,,,,,,,,,,,0.000
Sam Helwer,Sam Helwer,,,,,,,,,,,0.000
Samuel Sanchez,Samuel Sanchez,,,,,,,,,,,0.000
Sandra Powelllarson,Sandra Powelllarson,,,,,,,,,,,0.000
Saul Martinez,Saul Martinez,,,,,,,,,,,0.000
Scott Ballantyne,Scott Ballantyne,,,,https://www.findagrave.com/memorial/12964409/s-e-ballantyne,12964409,Lance Corporal S E Ballantyne (unknown-1942) -...,19,,"Buried at Baghdad War Cemetery North Gate, Baghdad, Al-Rusafa District, Baghdad, Iraq, Asia Lance Corporal S E Ballantyne",,0.291
Scott Lunger,Scott Lunger,,,,,,,,,,,0.000
Scott M Greenly,Scott M Greenly,,,,,,,,,,,0.000
Sean Nava,Sean Nava,,,,,,Seana Alyne Arnold Nava (1969-2021) - Find a Grave...,19,20,"Burial South Park Cemetery Pearland , Brazoria County , Texas , USA Add to Map Memorial ID 228124554 228124554",,0.217
Sergio Carrera Jr,Sergio Carrera Jr,,,,,,,,,,,0.000
Seth Jethro Nehring,Seth Jethro Nehring,,,,https://www.findagrave.com/memorial/194717141/seth-matthew-nehring,194717141,LTC Seth Matthew “Jethro” Nehring (1974-2018) -...,19,20,"Burial Clovis Cemetery Clovis , Fresno County , California , USA Add to Map Memorial ID 194717141 194717141",,0.412
Sharon Runner,Sharon Runner,,,,,,,,,,,0.000
Shawn Baker,Shawn Baker,,,,https://www.findagrave.com/memorial/206168228/shawn-baker,206168228,Shawn Baker Sr. (1971-2006) - Find a Grave...,19,20,Burial Burial Details Unknown Memorial ID 206168228 206168228,,0.304
Sig Sanchez,Sig Sanchez,,,,,,,,,,,0.000
Sixto Maldonado,Sixto Maldonado,,,,https://www.findagrave.com/memorial/69205068/sixto-l-maldonado,69205068,Sixto L Maldonado Jr. (1952-1975) - Find a Grave...,19,19,"Burial Saint Peters Catholic Cemetery Fresno , Fresno County , California , USA Add to Map Plot SECTION G Location 99 - 2 Memorial ID 69205068 69205068",,0.342
Sonny Bono,Sonny Bono,,,,,,,,,,,0.000
Special Frank Hamilton,Special Frank Hamilton,,,,,,,,,,,0.000
Stan Statham,Stan Statham,,,,https://www.findagrave.com/memorial/162251463/stanley-statham,162251463,Stanley Statham (unknown-1927) - Find a Grave...,19,,"Buried at Southern Cemetery, Chorlton-Cum-Hardy, Metropolitan Borough of Manchester, Greater Manchester, England, Europe Stanley Statham",,0.300
Stanley L Van Vleck,Stanley L Van Vleck,,,,,,,,,,,0.000
Stephan Gene Gray,Stephan Gene Gray,,,,,,,,,,,0.000
Stephanie Marie Frazier,Stephanie Marie Frazier,,,,https://www.findagrave.com/memorial/187251687/stephanie-colette-frazier,187251687,Stephanie Colette Frazier (1968-2004) - Find a...,19,20,"Burial Hills of Neuse Memory Gardens Smithfield , Johnston County , North Carolina , USA Add to Map Memorial ID 187251687 187251687",,0.386
Stephen M Linen,Stephen M Linen,,,,,,,,,,,0.000
Stephen P Teale,Stephen P Teale,,,,,,,,,,,0.000
Stephen Palmer,Stephen Palmer,,,,https://www.findagrave.com/memorial/94110300/stephen-palmer,94110300,Stephen Palmer (1785-1815) - Find a Grave Memorial,18,,"Buried at Hancock Cemetery, Hancock, Berkshire County, Massachusetts, United States of America, North America Stephen Palmer",,0.308
Stephen Sorensen,Stephen Sorensen,,,,,,,,,,,0.000
Steve Faris,Steve Faris,,,,https://www.findagrave.com/memorial/84218390/steve-fariss,84218390,Steve Fariss (1949-1949) - Find a Grave Memorial,19,19,"Buried at Blakely Cemetery, Blakely, Early County, Georgia, United States of America, North America Steve Fariss",,0.265
Steven L Licon,Steven L Licon,,,,,,,,,,,0.000
Steven Lindblom,Steven Lindblom,,,,,,,,,,,0.000
Steven Rucker,Steven Rucker,,,,https://www.findagrave.com/memorial/178330855/steven-e-rucker,178330855,Steven E. Rucker (1952-2017) - Find a Grave...,19,20,"Burial Holland Cemetery DeMotte , Jasper County , Indiana , USA Add to Map Memorial ID 178330855 178330855",,0.338
Ted Williams,Ted Williams,,,,,,,,,,,0.000
Thomas A Smith,Thomas A Smith,,,,https://www.findagrave.com/memorial/185502339/thomas-smith,185502339,Thomas Smith (unknown-1940) - Find a Grave...,19,,Buried at St,,0.306
Thomas J Cosgrove,Thomas J Cosgrove,,,,,,,,,,,0.000
Thomas J Steiner,Thomas J Steiner,,,,,,,,,,,0.000
Thomas P Coleman,Thomas P Coleman,,,,https://www.findagrave.com/memorial/272250099/thomas-coleman,272250099,Thomas Coleman (1859-1924) - Find a Grave Memorial,18,19,"Buried at Casino General Cemetery, Casino, Richmond Valley Council, New South Wales, Australia, Oceania Thomas Coleman",,0.298
Thomas R Adams,Thomas R Adams,,,,,,,,,,,0.000
Tom Seaver,Tom Seaver,,,,,,,,,,,0.000
Tommy Lasorda,Tommy Lasorda,,,,,,,,,,,0.000
Tommy Scott,Tommy Scott,,,,https://www.findagrave.com/memorial/51079859/tommy-scott,51079859,Tommy Scott (1910-1975) - Find a Grave Memorial,19,19,"Buried at Coneross Cemetery, Oconee County, South Carolina, United States of America, North America Tommy Scott",,0.270
Tony Gwynn,Tony Gwynn,,,,,,,,,,,0.000
Tyler Ty Lenehan,Tyler Ty Lenehan,,,,https://www.findagrave.com/memorial/9190122/eual-stacy,9190122,Eual Henry Stacy (1913-1980) - Find a Grave...,19,19,Cemetery Memorial Photos 3 Flowers 398 Photo added by Jane Stacy Eubanks Add Photos Request Photo Adding photos to this memorial is not allowed,,0.294
Vallejo James Capoot,Vallejo James Capoot,,,,,,,,,,,0.000
Vernon L Sturgeon,Vernon L Sturgeon,,,,,,,,,,,0.000
Vernon P Valenzuela,Vernon P Valenzuela,,,,https://www.findagrave.com/memorial/81516340/v-d-valenzuela,81516340,V D Valenzuela (1878-1939) - Find a Grave Memorial,18,19,"Buried at Evergreen Cemetery, Bisbee, Cochise County, Arizona, United States of America, North America V D Valenzuela",,0.264
Vic Fazio,Vic Fazio,,,,,,,,,,,0.000
Victor V Veysey,Victor V Veysey,,,,,,,,,,,0.000
Walter C Frago,Walter C Frago,,,,,,,,,,,0.000
Walter Frago,Walter Frago,,,,,,,,,,,0.000
Westminster Steven L Phillips,Westminster Steven L Phillips,,,,,,W Phillips (unknown-1938) - Find a Grave Memorial,19,,"Buried at Old Almshouse Cemetery, Fairview, Erie County, Pennsylvania, United States of America, North America W Phillips",,0.178
Willard F Libby,Willard F Libby,,,,,,,,,,,0.000
Willard H Murray,Willard H Murray,,,,,,,,,,,0.000
William Bill Lehn,William Bill Lehn,,,,https://www.findagrave.com/memorial/22518029/william-lehn,22518029,William “Bill” Lehn (1955-1994) - Find a Grave...,19,19,"Burial Clovis Cemetery Clovis , Fresno County , California , USA Show Map GPS-Latitude",,0.395
William Byron Rumford,William Byron Rumford,,,,,,,,,,,0.000
William Elton Brownie Brown,William Elton Brownie Brown,,,,https://www.findagrave.com/memorial/129033929/william-brown,129033929,William Brown (unknown-1920) - Find a Grave...,19,,"Buried at River Bend Cemetery, Westerly, Washington County, Rhode Island, United States of America, North America William Brown",,0.340
William H Lancaster,William H Lancaster,,,,,,,,,,,0.000
William Ivan Casselman,William Ivan Casselman,,,,,,,,,,,0.000
William P Sniffen,William P Sniffen,,,,https://www.findagrave.com/memorial/268835265/william-sniffen,268835265,William Sniffen (1889-1902) - Find a Grave...,18,19,"Buried at Middle Patent Rural Cemetery, North Castle, Westchester County, New York, United States of America, North America William Sniffen",,0.361
William R Bill Hunter,William R Bill Hunter,,,,,,,,,,,0.000
William R Bill Lucius,William R Bill Lucius,,,,,,,,,,,0.000
William R Clayton,William R Clayton,,,,https://www.findagrave.com/memorial/218278854/william-clayton,218278854,William Clayton (1834-1873) - Find a Grave...,18,18,"Buried at Camberwell Old Cemetery, Camberwell, London Borough of Southwark, Greater London, England, Europe William Clayton",,0.361
William T Bagley,William T Bagley,,,,,,,,,,,0.000
William Z Hegy,William Z Hegy,,,,,,,,,,,0.000
Willliam Alexander Leidesdorff,Willliam Alexander Leidesdorff,,,,,,,,,,,0.000
Yevhen Eugene Kostiuchenko,Yevhen Eugene Kostiuchenko,,,,,,,,,,,0.000
Young Oak Kim,Young Oak Kim,,,,,,Young Kim (1947-1994) - Find a Grave Memorial,19,19,"Buried at Forest Lawn Memorial Park, Glendale, Los Angeles County, California, United States of America, North America Young Kim",,0.221
Ysmael R Villegas,Ysmael R Villegas,,,,,,,,,,,0.000
